Agent_id,Name,Phone,Email,Salary
6768,Brunhilda Smyley,611-265-3125,bsmyley2@topsy.com,547082
13041,Raddie Basson,560-368-3460,rbassona@psu.edu,300977
33645,Worden Rosedale,342-776-4301,wrosedalec@over-blog.com,163238
52121,Kaitlin Ruter,188-177-5814,kruter3@wikimedia.org,525745
69259,Bonnibelle Manchett,839-488-0561,bmanchett9@buzzfeed.com,552776
73812,Bertha Gibbe,688-502-8799,bgibbe5@mapquest.com,820523
78600,Veronika Pestricke,832-194-4030,vpestrickeb@hhs.gov,295584
80340,Lynnell Pixton,297-990-1742,lpixton1@yellowbook.com,852715
85926,Joshuah Devas,820-918-3141,jdevas4@google.es,734363
92085,Erinn Minchindon,436-379-1334,eminchindon7@theatlantic.com,318714
92900,Rhonda Mayhead,881-274-4756,rmayhead8@bloomberg.com,400885
95189,Stefa Cours,882-723-7290,scours6@odnoklassniki.ru,755473
97444,Eolanda Tillerton,530-528-4376,etillerton0@nydailynews.com,512292
