Customer_id,Name,Phone,Email,Address,Driving_license,Age
58082,Alfred Balshen,140-400-3125,abalshen10@bloglines.com,0 Glendale Parkway,Yes,58
74341,Cello Fassan,467-460-7623,cfassan1c@google.com.br,70873 Ludington Court,No,66
77471,Guthrie Cortese,770-414-1691,gcortesep@about.com,0077 Sheridan Drive,No,65
78932,Dorena Kingaby,370-179-1371,dkingaby4@printfriendly.com,13765 Petterle Circle,Yes,54
94613,Cassandra Veitch,312-814-1819,cveitchc@cbslocal.com,850 Monument Avenue,Yes,31
109075,Darrel Gounot,993-434-7131,dgounotw@gizmodo.com,4 West Way,Yes,42
114971,Reeva Kupisz,300-253-6630,rkupisz15@moonfruit.com,6910 Bluestem Park,Yes,62
144402,Dasha Hiscoe,262-608-3656,dhiscoe18@livejournal.com,6 Northfield Drive,No,18
166248,Gisela Kretchmer,668-244-2155,gkretchmerr@list-manage.com,64 Pawling Way,No,78
174408,Harri Paolo,790-698-5891,hpaolox@marriott.com,3 Cordelia Center,No,48
176254,Correna Stitch,602-865-3223,cstitchj@tripod.com,15296 Bartillon Park,Yes,69
249650,Curry Riggs,895-961-5847,criggs1d@independent.co.uk,3 Spenser Hill,No,27
289060,Aundrea Abrahmer,470-635-1811,aabrahmerq@yelp.com,600 Haas Terrace,No,67
293654,Thomasin Boddymead,867-190-2098,tboddymeadu@domainmarket.com,618 Hanover Street,Yes,51
319355,Leda Liffe,768-317-1479,lliffe5@sun.com,17870 Oxford Plaza,Yes,35
336850,Arda Calderhead,139-697-7506,acalderheadi@indiatimes.com,736 Sauthoff Point,Yes,76
345273,Josee Honeywood,223-375-2439,jhoneywood19@engadget.com,6048 Spaight Parkway,No,71
352841,Roderigo Sends,865-535-4858,rsends1@elegantthemes.com,73 Kenwood Terrace,Yes,75
358893,Kara-lynn Dallaway,579-654-3410,kdallaway13@bbc.co.uk,4 Milwaukee Park,Yes,54
365390,Wilfred Joel,632-327-2233,wjoel16@whitehouse.gov,450 Beilfuss Junction,Yes,74
389080,Maurita Kleinplatz,152-738-5550,mkleinplatzh@vimeo.com,69920 Golf View Terrace,No,69
415216,Nonnah Trass,370-533-6961,ntrass1a@apache.org,46327 Ludington Place,No,24
492977,Darb Tomsen,658-767-5430,dtomseno@mashable.com,31 Forest Run Alley,No,80
499661,Edy Toulamain,302-814-3607,etoulamain11@irs.gov,17892 Fairview Junction,No,20
532909,Flo Mackett,412-351-4643,fmackettv@princeton.edu,06 Longview Street,Yes,53
538409,Alyse Volleth,977-218-2551,avolleth7@hhs.gov,10 Kipling Court,No,24
554593,Germain Metzig,782-318-0312,gmetzig2@discuz.net,94 Hoepker Hill,No,50
555849,Rochette Dowglass,231-251-7850,rdowglassm@exblog.jp,7906 Marcy Place,Yes,25
591642,Derrick Vowells,336-654-2002,dvowellst@cyberchimps.com,77236 Hazelcrest Trail,No,76
621200,Augie Chene,745-190-9290,achenel@omniture.com,766 4th Parkway,Yes,53
628418,Sianna Scay,128-774-9848,sscayd@nps.gov,9230 Waxwing Hill,Yes,40
632251,Bendicty Gogay,162-986-3633,bgogayy@toplist.cz,164 Forest Plaza,Yes,29
638484,Angie Attow,343-925-7380,aattowk@mapy.cz,05 Summerview Junction,Yes,68
640537,Constanta Beresfore,453-864-6762,cberesfore9@cargocollective.com,35432 Charing Cross Avenue,No,31
719439,Hailey Titchener,160-664-3603,htitchener6@cnet.com,33085 Meadow Vale Way,Yes,66
733572,Dmitri Simmen,228-899-5566,dsimmen1b@hibu.com,505 Gateway Street,No,72
778711,Hattie Kevern,564-480-9848,hkevern3@nyu.edu,40 Valley Edge Circle,Yes,44
830875,Hendrika Keynes,174-384-6234,hkeyness@businessinsider.com,1 Sommers Way,No,45
847339,Brittney Mash,690-401-9216,bmashb@nationalgeographic.com,24753 Walton Trail,Yes,51
867938,Ricki Rayner,643-725-5750,rrayner14@alexa.com,956 Loftsgordon Point,Yes,54
871428,Elfreda Callander,143-883-7368,ecallandera@gnu.org,8828 Forest Run Avenue,No,80
872585,Karilynn Seymour,207-292-0041,kseymour17@blogtalkradio.com,2 East Parkway,Yes,36
915790,Erina Neligan,755-787-5609,eneligang@delicious.com,7 Summit Trail,Yes,33
930301,Hoebart Guidone,751-282-1295,hguidonef@hubpages.com,78 Thompson Hill,No,66
950610,Hilary Pockett,278-453-0517,hpockett12@dailymail.co.uk,3323 International Road,Yes,22
972654,Berkly OGlessane,326-742-8192,boglessanen@chicagotribune.com,42236 Clove Plaza,Yes,31
974101,Carlo Grimm,786-476-8508,cgrimme@house.gov,601 Upham Center,Yes,42
979749,Thalia Raitie,846-557-5060,traitie8@comcast.net,3 Melody Circle,No,39
981115,Antonius Freschini,600-340-9348,afreschiniz@behance.net,610 Transport Parkway,Yes,80
987673,Bidget Keaton,778-475-2740,bkeaton0@netvibes.com,4134 Jenifer Circle,Yes,56
